route,theme,lane,requestedWidth,requestedHeight,innerWidth,innerHeight,dpr,docScrollWidth,bodyScrollWidth,clientWidth,overflow,overflowPx,outside,pageErrors,consoleErrors,assetFailures
"/","dark","matrix","320","568","320","568","1","320","320","320","false","0","[]","[]","[]","[]"
"/","dark","matrix","360","800","360","800","1","360","360","360","false","0","[]","[]","[]","[]"
"/","dark","matrix","390","844","390","844","1","390","390","390","false","0","[]","[]","[]","[]"
"/","dark","matrix","768","1024","768","1024","1","768","768","768","false","0","[]","[]","[]","[]"
"/","dark","matrix","1024","768","1024","768","1","1009","1009","1009","false","0","[]","[]","[]","[]"
"/","dark","matrix","1440","900","1440","900","1","1425","1425","1425","false","0","[]","[]","[]","[]"
"/","light","matrix","320","568","320","568","1","320","320","320","false","0","[]","[]","[]","[]"
"/","light","matrix","360","800","360","800","1","360","360","360","false","0","[]","[]","[]","[]"
"/","light","matrix","390","844","390","844","1","390","390","390","false","0","[]","[]","[]","[]"
"/","light","matrix","768","1024","768","1024","1","768","768","768","false","0","[]","[]","[]","[]"
"/","light","matrix","1024","768","1024","768","1","1009","1009","1009","false","0","[]","[]","[]","[]"
"/","light","matrix","1440","900","1440","900","1","1425","1425","1425","false","0","[]","[]","[]","[]"
"/","cyan","matrix","320","568","320","568","1","320","320","320","false","0","[]","[]","[]","[]"
"/","cyan","matrix","360","800","360","800","1","360","360","360","false","0","[]","[]","[]","[]"
"/","cyan","matrix","390","844","390","844","1","390","390","390","false","0","[]","[]","[]","[]"
"/","cyan","matrix","768","1024","768","1024","1","768","768","768","false","0","[]","[]","[]","[]"
"/","cyan","matrix","1024","768","1024","768","1","1009","1009","1009","false","0","[]","[]","[]","[]"
"/","cyan","matrix","1440","900","1440","900","1","1425","1425","1425","false","0","[]","[]","[]","[]"
"/productos/landing","dark","matrix","320","568","320","568","1","320","320","320","false","0","[]","[]","[]","[]"
"/productos/landing","dark","matrix","360","800","360","800","1","360","360","360","false","0","[]","[]","[]","[]"
"/productos/landing","dark","matrix","390","844","390","844","1","390","390","390","false","0","[]","[]","[]","[]"
"/productos/landing","dark","matrix","768","1024","768","1024","1","768","768","768","false","0","[]","[]","[]","[]"
"/productos/landing","dark","matrix","1024","768","1024","768","1","1009","1009","1009","false","0","[]","[]","[]","[]"
"/productos/landing","dark","matrix","1440","900","1440","900","1","1425","1425","1425","false","0","[]","[]","[]","[]"
"/productos/landing","light","matrix","320","568","320","568","1","320","320","320","false","0","[]","[]","[]","[]"
"/productos/landing","light","matrix","360","800","360","800","1","360","360","360","false","0","[]","[]","[]","[]"
"/productos/landing","light","matrix","390","844","390","844","1","390","390","390","false","0","[]","[]","[]","[]"
"/productos/landing","light","matrix","768","1024","768","1024","1","768","768","768","false","0","[]","[]","[]","[]"
"/productos/landing","light","matrix","1024","768","1024","768","1","1009","1009","1009","false","0","[]","[]","[]","[]"
"/productos/landing","light","matrix","1440","900","1440","900","1","1425","1425","1425","false","0","[]","[]","[]","[]"
"/productos/landing","cyan","matrix","320","568","320","568","1","320","320","320","false","0","[]","[]","[]","[]"
"/productos/landing","cyan","matrix","360","800","360","800","1","360","360","360","false","0","[]","[]","[]","[]"
"/productos/landing","cyan","matrix","390","844","390","844","1","390","390","390","false","0","[]","[]","[]","[]"
"/productos/landing","cyan","matrix","768","1024","768","1024","1","768","768","768","false","0","[]","[]","[]","[]"
"/productos/landing","cyan","matrix","1024","768","1024","768","1","1009","1009","1009","false","0","[]","[]","[]","[]"
"/productos/landing","cyan","matrix","1440","900","1440","900","1","1425","1425","1425","false","0","[]","[]","[]","[]"
"/productos/catalogo","dark","matrix","320","568","320","568","1","320","320","320","false","0","[]","[]","[]","[]"
"/productos/catalogo","dark","matrix","360","800","360","800","1","360","360","360","false","0","[]","[]","[]","[]"
"/productos/catalogo","dark","matrix","390","844","390","844","1","390","390","390","false","0","[]","[]","[]","[]"
"/productos/catalogo","dark","matrix","768","1024","768","1024","1","768","768","768","false","0","[]","[]","[]","[]"
"/productos/catalogo","dark","matrix","1024","768","1024","768","1","1009","1009","1009","false","0","[]","[]","[]","[]"
"/productos/catalogo","dark","matrix","1440","900","1440","900","1","1425","1425","1425","false","0","[]","[]","[]","[]"
"/productos/catalogo","light","matrix","320","568","320","568","1","320","320","320","false","0","[]","[]","[]","[]"
"/productos/catalogo","light","matrix","360","800","360","800","1","360","360","360","false","0","[]","[]","[]","[]"
"/productos/catalogo","light","matrix","390","844","390","844","1","390","390","390","false","0","[]","[]","[]","[]"
"/productos/catalogo","light","matrix","768","1024","768","1024","1","768","768","768","false","0","[]","[]","[]","[]"
"/productos/catalogo","light","matrix","1024","768","1024","768","1","1009","1009","1009","false","0","[]","[]","[]","[]"
"/productos/catalogo","light","matrix","1440","900","1440","900","1","1425","1425","1425","false","0","[]","[]","[]","[]"
"/productos/catalogo","cyan","matrix","320","568","320","568","1","320","320","320","false","0","[]","[]","[]","[]"
"/productos/catalogo","cyan","matrix","360","800","360","800","1","360","360","360","false","0","[]","[]","[]","[]"
"/productos/catalogo","cyan","matrix","390","844","390","844","1","390","390","390","false","0","[]","[]","[]","[]"
"/productos/catalogo","cyan","matrix","768","1024","768","1024","1","768","768","768","false","0","[]","[]","[]","[]"
"/productos/catalogo","cyan","matrix","1024","768","1024","768","1","1009","1009","1009","false","0","[]","[]","[]","[]"
"/productos/catalogo","cyan","matrix","1440","900","1440","900","1","1425","1425","1425","false","0","[]","[]","[]","[]"
"/productos/corporativa","dark","matrix","320","568","320","568","1","320","320","320","false","0","[]","[]","[]","[]"
"/productos/corporativa","dark","matrix","360","800","360","800","1","360","360","360","false","0","[]","[]","[]","[]"
"/productos/corporativa","dark","matrix","390","844","390","844","1","390","390","390","false","0","[]","[]","[]","[]"
"/productos/corporativa","dark","matrix","768","1024","768","1024","1","768","768","768","false","0","[]","[]","[]","[]"
"/productos/corporativa","dark","matrix","1024","768","1024","768","1","1009","1009","1009","false","0","[]","[]","[]","[]"
"/productos/corporativa","dark","matrix","1440","900","1440","900","1","1425","1425","1425","false","0","[]","[]","[]","[]"
"/productos/corporativa","light","matrix","320","568","320","568","1","320","320","320","false","0","[]","[]","[]","[]"
"/productos/corporativa","light","matrix","360","800","360","800","1","360","360","360","false","0","[]","[]","[]","[]"
"/productos/corporativa","light","matrix","390","844","390","844","1","390","390","390","false","0","[]","[]","[]","[]"
"/productos/corporativa","light","matrix","768","1024","768","1024","1","768","768","768","false","0","[]","[]","[]","[]"
"/productos/corporativa","light","matrix","1024","768","1024","768","1","1009","1009","1009","false","0","[]","[]","[]","[]"
"/productos/corporativa","light","matrix","1440","900","1440","900","1","1425","1425","1425","false","0","[]","[]","[]","[]"
"/productos/corporativa","cyan","matrix","320","568","320","568","1","320","320","320","false","0","[]","[]","[]","[]"
"/productos/corporativa","cyan","matrix","360","800","360","800","1","360","360","360","false","0","[]","[]","[]","[]"
"/productos/corporativa","cyan","matrix","390","844","390","844","1","390","390","390","false","0","[]","[]","[]","[]"
"/productos/corporativa","cyan","matrix","768","1024","768","1024","1","768","768","768","false","0","[]","[]","[]","[]"
"/productos/corporativa","cyan","matrix","1024","768","1024","768","1","1009","1009","1009","false","0","[]","[]","[]","[]"
"/productos/corporativa","cyan","matrix","1440","900","1440","900","1","1425","1425","1425","false","0","[]","[]","[]","[]"
"/demos/landing","dark","matrix","320","568","320","568","1","320","320","320","false","0","[]","[]","[]","[]"
"/demos/landing","dark","matrix","360","800","360","800","1","360","360","360","false","0","[]","[]","[]","[]"
"/demos/landing","dark","matrix","390","844","390","844","1","390","390","390","false","0","[]","[]","[]","[]"
"/demos/landing","dark","matrix","768","1024","768","1024","1","768","768","768","false","0","[]","[]","[]","[]"
"/demos/landing","dark","matrix","1024","768","1024","768","1","1009","1009","1009","false","0","[]","[]","[]","[]"
"/demos/landing","dark","matrix","1440","900","1440","900","1","1425","1425","1425","false","0","[]","[]","[]","[]"
"/demos/landing","light","matrix","320","568","320","568","1","320","320","320","false","0","[]","[]","[]","[]"
"/demos/landing","light","matrix","360","800","360","800","1","360","360","360","false","0","[]","[]","[]","[]"
"/demos/landing","light","matrix","390","844","390","844","1","390","390","390","false","0","[]","[]","[]","[]"
"/demos/landing","light","matrix","768","1024","768","1024","1","768","768","768","false","0","[]","[]","[]","[]"
"/demos/landing","light","matrix","1024","768","1024","768","1","1009","1009","1009","false","0","[]","[]","[]","[]"
"/demos/landing","light","matrix","1440","900","1440","900","1","1425","1425","1425","false","0","[]","[]","[]","[]"
"/demos/landing","cyan","matrix","320","568","320","568","1","320","320","320","false","0","[]","[]","[]","[]"
"/demos/landing","cyan","matrix","360","800","360","800","1","360","360","360","false","0","[]","[]","[]","[]"
"/demos/landing","cyan","matrix","390","844","390","844","1","390","390","390","false","0","[]","[]","[]","[]"
"/demos/landing","cyan","matrix","768","1024","768","1024","1","768","768","768","false","0","[]","[]","[]","[]"
"/demos/landing","cyan","matrix","1024","768","1024","768","1","1009","1009","1009","false","0","[]","[]","[]","[]"
"/demos/landing","cyan","matrix","1440","900","1440","900","1","1425","1425","1425","false","0","[]","[]","[]","[]"
"/demos/catalogo","dark","matrix","320","568","320","568","1","320","320","320","false","0","[]","[]","[]","[]"
"/demos/catalogo","dark","matrix","360","800","360","800","1","360","360","360","false","0","[]","[]","[]","[]"
"/demos/catalogo","dark","matrix","390","844","390","844","1","390","390","390","false","0","[]","[]","[]","[]"
"/demos/catalogo","dark","matrix","768","1024","768","1024","1","768","768","768","false","0","[]","[]","[]","[]"
"/demos/catalogo","dark","matrix","1024","768","1024","768","1","1009","1009","1009","false","0","[]","[]","[]","[]"
"/demos/catalogo","dark","matrix","1440","900","1440","900","1","1425","1425","1425","false","0","[]","[]","[]","[]"
"/demos/catalogo","light","matrix","320","568","320","568","1","320","320","320","false","0","[]","[]","[]","[]"
"/demos/catalogo","light","matrix","360","800","360","800","1","360","360","360","false","0","[]","[]","[]","[]"
"/demos/catalogo","light","matrix","390","844","390","844","1","390","390","390","false","0","[]","[]","[]","[]"
"/demos/catalogo","light","matrix","768","1024","768","1024","1","768","768","768","false","0","[]","[]","[]","[]"
"/demos/catalogo","light","matrix","1024","768","1024","768","1","1009","1009","1009","false","0","[]","[]","[]","[]"
"/demos/catalogo","light","matrix","1440","900","1440","900","1","1425","1425","1425","false","0","[]","[]","[]","[]"
"/demos/catalogo","cyan","matrix","320","568","320","568","1","320","320","320","false","0","[]","[]","[]","[]"
"/demos/catalogo","cyan","matrix","360","800","360","800","1","360","360","360","false","0","[]","[]","[]","[]"
"/demos/catalogo","cyan","matrix","390","844","390","844","1","390","390","390","false","0","[]","[]","[]","[]"
"/demos/catalogo","cyan","matrix","768","1024","768","1024","1","768","768","768","false","0","[]","[]","[]","[]"
"/demos/catalogo","cyan","matrix","1024","768","1024","768","1","1009","1009","1009","false","0","[]","[]","[]","[]"
"/demos/catalogo","cyan","matrix","1440","900","1440","900","1","1425","1425","1425","false","0","[]","[]","[]","[]"
"/demos/corporativa","dark","matrix","320","568","320","568","1","320","320","320","false","0","[]","[]","[]","[]"
"/demos/corporativa","dark","matrix","360","800","360","800","1","360","360","360","false","0","[]","[]","[]","[]"
"/demos/corporativa","dark","matrix","390","844","390","844","1","390","390","390","false","0","[]","[]","[]","[]"
"/demos/corporativa","dark","matrix","768","1024","768","1024","1","768","768","768","false","0","[]","[]","[]","[]"
"/demos/corporativa","dark","matrix","1024","768","1024","768","1","1009","1009","1009","false","0","[]","[]","[]","[]"
"/demos/corporativa","dark","matrix","1440","900","1440","900","1","1425","1425","1425","false","0","[]","[]","[]","[]"
"/demos/corporativa","light","matrix","320","568","320","568","1","320","320","320","false","0","[]","[]","[]","[]"
"/demos/corporativa","light","matrix","360","800","360","800","1","360","360","360","false","0","[]","[]","[]","[]"
"/demos/corporativa","light","matrix","390","844","390","844","1","390","390","390","false","0","[]","[]","[]","[]"
"/demos/corporativa","light","matrix","768","1024","768","1024","1","768","768","768","false","0","[]","[]","[]","[]"
"/demos/corporativa","light","matrix","1024","768","1024","768","1","1009","1009","1009","false","0","[]","[]","[]","[]"
"/demos/corporativa","light","matrix","1440","900","1440","900","1","1425","1425","1425","false","0","[]","[]","[]","[]"
"/demos/corporativa","cyan","matrix","320","568","320","568","1","320","320","320","false","0","[]","[]","[]","[]"
"/demos/corporativa","cyan","matrix","360","800","360","800","1","360","360","360","false","0","[]","[]","[]","[]"
"/demos/corporativa","cyan","matrix","390","844","390","844","1","390","390","390","false","0","[]","[]","[]","[]"
"/demos/corporativa","cyan","matrix","768","1024","768","1024","1","768","768","768","false","0","[]","[]","[]","[]"
"/demos/corporativa","cyan","matrix","1024","768","1024","768","1","1009","1009","1009","false","0","[]","[]","[]","[]"
"/demos/corporativa","cyan","matrix","1440","900","1440","900","1","1425","1425","1425","false","0","[]","[]","[]","[]"
"/activar/landing","dark","matrix","320","568","320","568","1","320","320","320","false","0","[]","[]","[]","[]"
"/activar/landing","dark","matrix","360","800","360","800","1","360","360","360","false","0","[]","[]","[]","[]"
"/activar/landing","dark","matrix","390","844","390","844","1","390","390","390","false","0","[]","[]","[]","[]"
"/activar/landing","dark","matrix","768","1024","768","1024","1","768","768","768","false","0","[]","[]","[]","[]"
"/activar/landing","dark","matrix","1024","768","1024","768","1","1009","1009","1009","false","0","[]","[]","[]","[]"
"/activar/landing","dark","matrix","1440","900","1440","900","1","1425","1425","1425","false","0","[]","[]","[]","[]"
"/activar/landing","light","matrix","320","568","320","568","1","320","320","320","false","0","[]","[]","[]","[]"
"/activar/landing","light","matrix","360","800","360","800","1","360","360","360","false","0","[]","[]","[]","[]"
"/activar/landing","light","matrix","390","844","390","844","1","390","390","390","false","0","[]","[]","[]","[]"
"/activar/landing","light","matrix","768","1024","768","1024","1","768","768","768","false","0","[]","[]","[]","[]"
"/activar/landing","light","matrix","1024","768","1024","768","1","1009","1009","1009","false","0","[]","[]","[]","[]"
"/activar/landing","light","matrix","1440","900","1440","900","1","1425","1425","1425","false","0","[]","[]","[]","[]"
"/activar/landing","cyan","matrix","320","568","320","568","1","320","320","320","false","0","[]","[]","[]","[]"
"/activar/landing","cyan","matrix","360","800","360","800","1","360","360","360","false","0","[]","[]","[]","[]"
"/activar/landing","cyan","matrix","390","844","390","844","1","390","390","390","false","0","[]","[]","[]","[]"
"/activar/landing","cyan","matrix","768","1024","768","1024","1","768","768","768","false","0","[]","[]","[]","[]"
"/activar/landing","cyan","matrix","1024","768","1024","768","1","1009","1009","1009","false","0","[]","[]","[]","[]"
"/activar/landing","cyan","matrix","1440","900","1440","900","1","1425","1425","1425","false","0","[]","[]","[]","[]"
"/activar/catalogo","dark","matrix","320","568","320","568","1","320","320","320","false","0","[]","[]","[]","[]"
"/activar/catalogo","dark","matrix","360","800","360","800","1","360","360","360","false","0","[]","[]","[]","[]"
"/activar/catalogo","dark","matrix","390","844","390","844","1","390","390","390","false","0","[]","[]","[]","[]"
"/activar/catalogo","dark","matrix","768","1024","768","1024","1","768","768","768","false","0","[]","[]","[]","[]"
"/activar/catalogo","dark","matrix","1024","768","1024","768","1","1009","1009","1009","false","0","[]","[]","[]","[]"
"/activar/catalogo","dark","matrix","1440","900","1440","900","1","1425","1425","1425","false","0","[]","[]","[]","[]"
"/activar/catalogo","light","matrix","320","568","320","568","1","320","320","320","false","0","[]","[]","[]","[]"
"/activar/catalogo","light","matrix","360","800","360","800","1","360","360","360","false","0","[]","[]","[]","[]"
"/activar/catalogo","light","matrix","390","844","390","844","1","390","390","390","false","0","[]","[]","[]","[]"
"/activar/catalogo","light","matrix","768","1024","768","1024","1","768","768","768","false","0","[]","[]","[]","[]"
"/activar/catalogo","light","matrix","1024","768","1024","768","1","1009","1009","1009","false","0","[]","[]","[]","[]"
"/activar/catalogo","light","matrix","1440","900","1440","900","1","1425","1425","1425","false","0","[]","[]","[]","[]"
"/activar/catalogo","cyan","matrix","320","568","320","568","1","320","320","320","false","0","[]","[]","[]","[]"
"/activar/catalogo","cyan","matrix","360","800","360","800","1","360","360","360","false","0","[]","[]","[]","[]"
"/activar/catalogo","cyan","matrix","390","844","390","844","1","390","390","390","false","0","[]","[]","[]","[]"
"/activar/catalogo","cyan","matrix","768","1024","768","1024","1","768","768","768","false","0","[]","[]","[]","[]"
"/activar/catalogo","cyan","matrix","1024","768","1024","768","1","1009","1009","1009","false","0","[]","[]","[]","[]"
"/activar/catalogo","cyan","matrix","1440","900","1440","900","1","1425","1425","1425","false","0","[]","[]","[]","[]"
"/activar/corporativa","dark","matrix","320","568","320","568","1","320","320","320","false","0","[]","[]","[]","[]"
"/activar/corporativa","dark","matrix","360","800","360","800","1","360","360","360","false","0","[]","[]","[]","[]"
"/activar/corporativa","dark","matrix","390","844","390","844","1","390","390","390","false","0","[]","[]","[]","[]"
"/activar/corporativa","dark","matrix","768","1024","768","1024","1","768","768","768","false","0","[]","[]","[]","[]"
"/activar/corporativa","dark","matrix","1024","768","1024","768","1","1009","1009","1009","false","0","[]","[]","[]","[]"
"/activar/corporativa","dark","matrix","1440","900","1440","900","1","1425","1425","1425","false","0","[]","[]","[]","[]"
"/activar/corporativa","light","matrix","320","568","320","568","1","320","320","320","false","0","[]","[]","[]","[]"
"/activar/corporativa","light","matrix","360","800","360","800","1","360","360","360","false","0","[]","[]","[]","[]"
"/activar/corporativa","light","matrix","390","844","390","844","1","390","390","390","false","0","[]","[]","[]","[]"
"/activar/corporativa","light","matrix","768","1024","768","1024","1","768","768","768","false","0","[]","[]","[]","[]"
"/activar/corporativa","light","matrix","1024","768","1024","768","1","1009","1009","1009","false","0","[]","[]","[]","[]"
"/activar/corporativa","light","matrix","1440","900","1440","900","1","1425","1425","1425","false","0","[]","[]","[]","[]"
"/activar/corporativa","cyan","matrix","320","568","320","568","1","320","320","320","false","0","[]","[]","[]","[]"
"/activar/corporativa","cyan","matrix","360","800","360","800","1","360","360","360","false","0","[]","[]","[]","[]"
"/activar/corporativa","cyan","matrix","390","844","390","844","1","390","390","390","false","0","[]","[]","[]","[]"
"/activar/corporativa","cyan","matrix","768","1024","768","1024","1","768","768","768","false","0","[]","[]","[]","[]"
"/activar/corporativa","cyan","matrix","1024","768","1024","768","1","1009","1009","1009","false","0","[]","[]","[]","[]"
"/activar/corporativa","cyan","matrix","1440","900","1440","900","1","1425","1425","1425","false","0","[]","[]","[]","[]"
"/confirmacion","dark","matrix","320","568","320","568","1","320","320","320","false","0","[]","[]","[]","[]"
"/confirmacion","dark","matrix","360","800","360","800","1","360","360","360","false","0","[]","[]","[]","[]"
"/confirmacion","dark","matrix","390","844","390","844","1","390","390","390","false","0","[]","[]","[]","[]"
"/confirmacion","dark","matrix","768","1024","768","1024","1","768","768","768","false","0","[]","[]","[]","[]"
"/confirmacion","dark","matrix","1024","768","1024","768","1","1009","1009","1009","false","0","[]","[]","[]","[]"
"/confirmacion","dark","matrix","1440","900","1440","900","1","1425","1425","1425","false","0","[]","[]","[]","[]"
"/confirmacion","light","matrix","320","568","320","568","1","320","320","320","false","0","[]","[]","[]","[]"
"/confirmacion","light","matrix","360","800","360","800","1","360","360","360","false","0","[]","[]","[]","[]"
"/confirmacion","light","matrix","390","844","390","844","1","390","390","390","false","0","[]","[]","[]","[]"
"/confirmacion","light","matrix","768","1024","768","1024","1","768","768","768","false","0","[]","[]","[]","[]"
"/confirmacion","light","matrix","1024","768","1024","768","1","1009","1009","1009","false","0","[]","[]","[]","[]"
"/confirmacion","light","matrix","1440","900","1440","900","1","1425","1425","1425","false","0","[]","[]","[]","[]"
"/confirmacion","cyan","matrix","320","568","320","568","1","320","320","320","false","0","[]","[]","[]","[]"
"/confirmacion","cyan","matrix","360","800","360","800","1","360","360","360","false","0","[]","[]","[]","[]"
"/confirmacion","cyan","matrix","390","844","390","844","1","390","390","390","false","0","[]","[]","[]","[]"
"/confirmacion","cyan","matrix","768","1024","768","1024","1","768","768","768","false","0","[]","[]","[]","[]"
"/confirmacion","cyan","matrix","1024","768","1024","768","1","1009","1009","1009","false","0","[]","[]","[]","[]"
"/confirmacion","cyan","matrix","1440","900","1440","900","1","1425","1425","1425","false","0","[]","[]","[]","[]"
"/terminos","dark","matrix","320","568","320","568","1","320","320","320","false","0","[]","[]","[]","[]"
"/terminos","dark","matrix","360","800","360","800","1","360","360","360","false","0","[]","[]","[]","[]"
"/terminos","dark","matrix","390","844","390","844","1","390","390","390","false","0","[]","[]","[]","[]"
"/terminos","dark","matrix","768","1024","768","1024","1","768","768","768","false","0","[]","[]","[]","[]"
"/terminos","dark","matrix","1024","768","1024","768","1","1009","1009","1009","false","0","[]","[]","[]","[]"
"/terminos","dark","matrix","1440","900","1440","900","1","1425","1425","1425","false","0","[]","[]","[]","[]"
"/terminos","light","matrix","320","568","320","568","1","320","320","320","false","0","[]","[]","[]","[]"
"/terminos","light","matrix","360","800","360","800","1","360","360","360","false","0","[]","[]","[]","[]"
"/terminos","light","matrix","390","844","390","844","1","390","390","390","false","0","[]","[]","[]","[]"
"/terminos","light","matrix","768","1024","768","1024","1","768","768","768","false","0","[]","[]","[]","[]"
"/terminos","light","matrix","1024","768","1024","768","1","1009","1009","1009","false","0","[]","[]","[]","[]"
"/terminos","light","matrix","1440","900","1440","900","1","1425","1425","1425","false","0","[]","[]","[]","[]"
"/terminos","cyan","matrix","320","568","320","568","1","320","320","320","false","0","[]","[]","[]","[]"
"/terminos","cyan","matrix","360","800","360","800","1","360","360","360","false","0","[]","[]","[]","[]"
"/terminos","cyan","matrix","390","844","390","844","1","390","390","390","false","0","[]","[]","[]","[]"
"/terminos","cyan","matrix","768","1024","768","1024","1","768","768","768","false","0","[]","[]","[]","[]"
"/terminos","cyan","matrix","1024","768","1024","768","1","1009","1009","1009","false","0","[]","[]","[]","[]"
"/terminos","cyan","matrix","1440","900","1440","900","1","1425","1425","1425","false","0","[]","[]","[]","[]"
"/privacidad","dark","matrix","320","568","320","568","1","320","320","320","false","0","[]","[]","[]","[]"
"/privacidad","dark","matrix","360","800","360","800","1","360","360","360","false","0","[]","[]","[]","[]"
"/privacidad","dark","matrix","390","844","390","844","1","390","390","390","false","0","[]","[]","[]","[]"
"/privacidad","dark","matrix","768","1024","768","1024","1","768","768","768","false","0","[]","[]","[]","[]"
"/privacidad","dark","matrix","1024","768","1024","768","1","1009","1009","1009","false","0","[]","[]","[]","[]"
"/privacidad","dark","matrix","1440","900","1440","900","1","1425","1425","1425","false","0","[]","[]","[]","[]"
"/privacidad","light","matrix","320","568","320","568","1","320","320","320","false","0","[]","[]","[]","[]"
"/privacidad","light","matrix","360","800","360","800","1","360","360","360","false","0","[]","[]","[]","[]"
"/privacidad","light","matrix","390","844","390","844","1","390","390","390","false","0","[]","[]","[]","[]"
"/privacidad","light","matrix","768","1024","768","1024","1","768","768","768","false","0","[]","[]","[]","[]"
"/privacidad","light","matrix","1024","768","1024","768","1","1009","1009","1009","false","0","[]","[]","[]","[]"
"/privacidad","light","matrix","1440","900","1440","900","1","1425","1425","1425","false","0","[]","[]","[]","[]"
"/privacidad","cyan","matrix","320","568","320","568","1","320","320","320","false","0","[]","[]","[]","[]"
"/privacidad","cyan","matrix","360","800","360","800","1","360","360","360","false","0","[]","[]","[]","[]"
"/privacidad","cyan","matrix","390","844","390","844","1","390","390","390","false","0","[]","[]","[]","[]"
"/privacidad","cyan","matrix","768","1024","768","1024","1","768","768","768","false","0","[]","[]","[]","[]"
"/privacidad","cyan","matrix","1024","768","1024","768","1","1009","1009","1009","false","0","[]","[]","[]","[]"
"/privacidad","cyan","matrix","1440","900","1440","900","1","1425","1425","1425","false","0","[]","[]","[]","[]"
"/","dark","landscape","568","320","568","320","1","568","568","568","false","0","[]","[]","[]","[]"
"/","dark","landscape","800","360","800","360","1","800","800","800","false","0","[]","[]","[]","[]"
"/","dark","landscape","844","390","844","390","1","844","844","844","false","0","[]","[]","[]","[]"
"/","light","landscape","568","320","568","320","1","568","568","568","false","0","[]","[]","[]","[]"
"/","light","landscape","800","360","800","360","1","800","800","800","false","0","[]","[]","[]","[]"
"/","light","landscape","844","390","844","390","1","844","844","844","false","0","[]","[]","[]","[]"
"/","cyan","landscape","568","320","568","320","1","568","568","568","false","0","[]","[]","[]","[]"
"/","cyan","landscape","800","360","800","360","1","800","800","800","false","0","[]","[]","[]","[]"
"/","cyan","landscape","844","390","844","390","1","844","844","844","false","0","[]","[]","[]","[]"
"/demos/landing","dark","landscape","568","320","568","320","1","568","568","568","false","0","[]","[]","[]","[]"
"/demos/landing","dark","landscape","800","360","800","360","1","800","800","800","false","0","[]","[]","[]","[]"
"/demos/landing","dark","landscape","844","390","844","390","1","844","844","844","false","0","[]","[]","[]","[]"
"/demos/landing","light","landscape","568","320","568","320","1","568","568","568","false","0","[]","[]","[]","[]"
"/demos/landing","light","landscape","800","360","800","360","1","800","800","800","false","0","[]","[]","[]","[]"
"/demos/landing","light","landscape","844","390","844","390","1","844","844","844","false","0","[]","[]","[]","[]"
"/demos/landing","cyan","landscape","568","320","568","320","1","568","568","568","false","0","[]","[]","[]","[]"
"/demos/landing","cyan","landscape","800","360","800","360","1","800","800","800","false","0","[]","[]","[]","[]"
"/demos/landing","cyan","landscape","844","390","844","390","1","844","844","844","false","0","[]","[]","[]","[]"
"/demos/catalogo","dark","landscape","568","320","568","320","1","568","568","568","false","0","[]","[]","[]","[]"
"/demos/catalogo","dark","landscape","800","360","800","360","1","800","800","800","false","0","[]","[]","[]","[]"
"/demos/catalogo","dark","landscape","844","390","844","390","1","844","844","844","false","0","[]","[]","[]","[]"
"/demos/catalogo","light","landscape","568","320","568","320","1","568","568","568","false","0","[]","[]","[]","[]"
"/demos/catalogo","light","landscape","800","360","800","360","1","800","800","800","false","0","[]","[]","[]","[]"
"/demos/catalogo","light","landscape","844","390","844","390","1","844","844","844","false","0","[]","[]","[]","[]"
"/demos/catalogo","cyan","landscape","568","320","568","320","1","568","568","568","false","0","[]","[]","[]","[]"
"/demos/catalogo","cyan","landscape","800","360","800","360","1","800","800","800","false","0","[]","[]","[]","[]"
"/demos/catalogo","cyan","landscape","844","390","844","390","1","844","844","844","false","0","[]","[]","[]","[]"
"/demos/corporativa","dark","landscape","568","320","568","320","1","568","568","568","false","0","[]","[]","[]","[]"
"/demos/corporativa","dark","landscape","800","360","800","360","1","800","800","800","false","0","[]","[]","[]","[]"
"/demos/corporativa","dark","landscape","844","390","844","390","1","844","844","844","false","0","[]","[]","[]","[]"
"/demos/corporativa","light","landscape","568","320","568","320","1","568","568","568","false","0","[]","[]","[]","[]"
"/demos/corporativa","light","landscape","800","360","800","360","1","800","800","800","false","0","[]","[]","[]","[]"
"/demos/corporativa","light","landscape","844","390","844","390","1","844","844","844","false","0","[]","[]","[]","[]"
"/demos/corporativa","cyan","landscape","568","320","568","320","1","568","568","568","false","0","[]","[]","[]","[]"
"/demos/corporativa","cyan","landscape","800","360","800","360","1","800","800","800","false","0","[]","[]","[]","[]"
"/demos/corporativa","cyan","landscape","844","390","844","390","1","844","844","844","false","0","[]","[]","[]","[]"
"/activar/landing","dark","landscape","568","320","568","320","1","568","568","568","false","0","[]","[]","[]","[]"
"/activar/landing","dark","landscape","800","360","800","360","1","800","800","800","false","0","[]","[]","[]","[]"
"/activar/landing","dark","landscape","844","390","844","390","1","844","844","844","false","0","[]","[]","[]","[]"
"/activar/landing","light","landscape","568","320","568","320","1","568","568","568","false","0","[]","[]","[]","[]"
"/activar/landing","light","landscape","800","360","800","360","1","800","800","800","false","0","[]","[]","[]","[]"
"/activar/landing","light","landscape","844","390","844","390","1","844","844","844","false","0","[]","[]","[]","[]"
"/activar/landing","cyan","landscape","568","320","568","320","1","568","568","568","false","0","[]","[]","[]","[]"
"/activar/landing","cyan","landscape","800","360","800","360","1","800","800","800","false","0","[]","[]","[]","[]"
"/activar/landing","cyan","landscape","844","390","844","390","1","844","844","844","false","0","[]","[]","[]","[]"
"/activar/catalogo","dark","landscape","568","320","568","320","1","568","568","568","false","0","[]","[]","[]","[]"
"/activar/catalogo","dark","landscape","800","360","800","360","1","800","800","800","false","0","[]","[]","[]","[]"
"/activar/catalogo","dark","landscape","844","390","844","390","1","844","844","844","false","0","[]","[]","[]","[]"
"/activar/catalogo","light","landscape","568","320","568","320","1","568","568","568","false","0","[]","[]","[]","[]"
"/activar/catalogo","light","landscape","800","360","800","360","1","800","800","800","false","0","[]","[]","[]","[]"
"/activar/catalogo","light","landscape","844","390","844","390","1","844","844","844","false","0","[]","[]","[]","[]"
"/activar/catalogo","cyan","landscape","568","320","568","320","1","568","568","568","false","0","[]","[]","[]","[]"
"/activar/catalogo","cyan","landscape","800","360","800","360","1","800","800","800","false","0","[]","[]","[]","[]"
"/activar/catalogo","cyan","landscape","844","390","844","390","1","844","844","844","false","0","[]","[]","[]","[]"
"/activar/corporativa","dark","landscape","568","320","568","320","1","568","568","568","false","0","[]","[]","[]","[]"
"/activar/corporativa","dark","landscape","800","360","800","360","1","800","800","800","false","0","[]","[]","[]","[]"
"/activar/corporativa","dark","landscape","844","390","844","390","1","844","844","844","false","0","[]","[]","[]","[]"
"/activar/corporativa","light","landscape","568","320","568","320","1","568","568","568","false","0","[]","[]","[]","[]"
"/activar/corporativa","light","landscape","800","360","800","360","1","800","800","800","false","0","[]","[]","[]","[]"
"/activar/corporativa","light","landscape","844","390","844","390","1","844","844","844","false","0","[]","[]","[]","[]"
"/activar/corporativa","cyan","landscape","568","320","568","320","1","568","568","568","false","0","[]","[]","[]","[]"
"/activar/corporativa","cyan","landscape","800","360","800","360","1","800","800","800","false","0","[]","[]","[]","[]"
"/activar/corporativa","cyan","landscape","844","390","844","390","1","844","844","844","false","0","[]","[]","[]","[]"
"/confirmacion","dark","landscape","568","320","568","320","1","568","568","568","false","0","[]","[]","[]","[]"
"/confirmacion","dark","landscape","800","360","800","360","1","800","800","800","false","0","[]","[]","[]","[]"
"/confirmacion","dark","landscape","844","390","844","390","1","844","844","844","false","0","[]","[]","[]","[]"
"/confirmacion","light","landscape","568","320","568","320","1","568","568","568","false","0","[]","[]","[]","[]"
"/confirmacion","light","landscape","800","360","800","360","1","800","800","800","false","0","[]","[]","[]","[]"
"/confirmacion","light","landscape","844","390","844","390","1","844","844","844","false","0","[]","[]","[]","[]"
"/confirmacion","cyan","landscape","568","320","568","320","1","568","568","568","false","0","[]","[]","[]","[]"
"/confirmacion","cyan","landscape","800","360","800","360","1","800","800","800","false","0","[]","[]","[]","[]"
"/confirmacion","cyan","landscape","844","390","844","390","1","844","844","844","false","0","[]","[]","[]","[]"